id,title,body,tags,score,category
1,How to implement machine learning pipeline?,"I am working on a machine learning project and need help with implementing a data pipeline. I have data in CSV format and want to create a system that can process, clean, and analyze the data automatically. What are the best practices for building such a pipeline? I need to handle data validation, feature engineering, model training, and evaluation. The pipeline should be scalable and maintainable.","machine-learning,python,scikit-learn,pipeline",15,machine-learning
2,BigQuery performance optimization tips,"What are the best practices for optimizing BigQuery performance? I have a large dataset with millions of rows and need to improve query performance. I am using standard SQL and want to know about partitioning, clustering, and other optimization techniques. My queries are taking too long and I need to reduce costs. I am also interested in materialized views and query optimization.","bigquery,google-cloud,performance,optimization",23,bigquery
3,Natural language processing with transformers,"I want to build an NLP system using transformer models. Can someone help me understand the architecture and implementation details? I am particularly interested in BERT and GPT models for text classification and generation tasks. I need to understand attention mechanisms, positional encoding, and how to fine-tune these models for my specific use case.","nlp,transformers,pytorch,bert,gpt",31,nlp
4,Data preprocessing best practices,"What are the essential data preprocessing steps for machine learning projects? I want to understand data cleaning, normalization, feature engineering, and handling missing values. Any practical examples would be helpful. I am working with mixed data types including numerical, categorical, and text data. I need to create a robust preprocessing pipeline.","data-preprocessing,machine-learning,python,feature-engineering",18,data-science
5,Model evaluation and validation strategies,"How do you evaluate and validate machine learning models effectively? I need to understand cross-validation, metrics selection, and avoiding overfitting. What are the common pitfalls and best practices? I am working on a classification problem and need to choose appropriate evaluation metrics. I also want to implement proper validation strategies.","model-evaluation,validation,machine-learning,cross-validation",25,machine-learning
6,Deep learning architecture design patterns,"I am designing a deep learning architecture for image recognition. What are the key design patterns and best practices? I need to understand convolutional layers, pooling, batch normalization, and residual connections. How do I choose the right architecture for my specific problem? I want to balance accuracy with computational efficiency.","deep-learning,cnn,architecture,computer-vision",28,deep-learning
7,Time series forecasting with LSTM networks,"I need to implement time series forecasting using LSTM networks. How do I structure the data, design the network architecture, and handle seasonality? I am working with financial data and need to predict stock prices. What are the best practices for time series preprocessing and model evaluation?","time-series,lstm,forecasting,financial",22,time-series
8,Reinforcement learning for game AI,"I want to implement reinforcement learning for a game AI agent. How do I design the reward function, choose the right algorithm (Q-learning, DQN, A3C), and handle exploration vs exploitation? I am working on a simple game environment and need to train an agent to play optimally.","reinforcement-learning,q-learning,dqn,game-ai",19,reinforcement-learning
9,Graph neural networks for social network analysis,"I am analyzing social network data using graph neural networks. How do I represent the graph structure, design the network architecture, and handle different types of nodes and edges? I need to perform node classification and link prediction tasks. What are the best practices for graph data preprocessing?","graph-neural-networks,social-networks,node-classification,link-prediction",24,graph-ai
10,AutoML and hyperparameter optimization,"I want to implement automated machine learning for hyperparameter optimization. How do I use tools like Optuna, Hyperopt, or AutoKeras? I need to optimize neural network architectures and hyperparameters automatically. What are the best strategies for search space design and early stopping?","automl,hyperparameter-optimization,optuna,hyperopt",26,automl
